{
  "test_preprocess": {
    "vocab_length": 1804
  },
  "test_lm": {
    "english_2_gram_length": 748,
    "english_3_gram_length": 8239,
    "french_3_gram_length": 8286,
    "spanish_3_gram_length": 8469
  },
  "test_eval": {
    "en_en": 18.080424316469983,
    "en_fr": 36.99656771377938,
    "en_tl": 43.99373787540518,
    "en_nl": 38.41544407706234
  },
  "test_match": {
    "en_en_3": 18.080424316469983,
    "en_tl_3": 43.99373787540518,
    "en_nl_3": 38.41544407706234
  },
  "test_generate": "NameError(\"name 'generate' is not defined\")"
}
